Headline,Publication Date
"Major incidents declared as UK grapples with floods, snow and ice","Mon, 06 Jan 2025 21:30:16 GMT"
Starmer attacks those 'spreading lies' on grooming gangs as he hits back at Musk,"Mon, 06 Jan 2025 19:07:03 GMT"
What is Starmer's record on prosecuting grooming gangs?,"Mon, 06 Jan 2025 21:17:16 GMT"
More NHS patients in England to be treated in private clinics as PM seeks to reduce backlog,"Mon, 06 Jan 2025 11:52:15 GMT"
Ex-prison officer jailed over sex with inmate,"Mon, 06 Jan 2025 18:04:55 GMT"
Why the Justin Trudeau era has come to an end now,"Mon, 06 Jan 2025 18:32:57 GMT"
Six-month-old girl dies after car park crash,"Mon, 06 Jan 2025 13:48:06 GMT"
Apple says it will update AI feature after BBC complaint,"Mon, 06 Jan 2025 20:32:28 GMT"
Rugby player charged with rape flees country,"Mon, 06 Jan 2025 14:07:11 GMT"
Gavin & Stacey attracts 19.1 million viewers,"Mon, 06 Jan 2025 17:31:13 GMT"
Aerial footage shows severe flooding in Leicestershire,"Mon, 06 Jan 2025 17:33:10 GMT"
What should be in your winter driving survival kit?,"Mon, 06 Jan 2025 14:18:01 GMT"
The latest forecast covering the UK,"Mon, 06 Jan 2025 14:38:25 GMT"
How to avoid winter illness and other cold weather tips,"Sat, 04 Jan 2025 08:52:46 GMT"
What happens next for Canada after Trudeau's resignation?,"Mon, 06 Jan 2025 16:57:47 GMT"
French magazine Charlie Hebdo marks decade since deadly gun attack with special issue,"Mon, 06 Jan 2025 16:45:25 GMT"
Watch: Kamala Harris certifies President Donald Trump's re-election,"Mon, 06 Jan 2025 19:26:32 GMT"
Starmer's NHS waiting list plan - will it work?,"Mon, 06 Jan 2025 13:29:53 GMT"
Works on 'road from hell' to end after 23 years,"Mon, 06 Jan 2025 14:35:57 GMT"
RuPaul says his heart is broken after The Vivienne's death,"Mon, 06 Jan 2025 16:31:39 GMT"
Siddiq refers herself for probe by standards adviser,"Mon, 06 Jan 2025 17:24:10 GMT"
Taxi driver who stoked Southport riots jailed,"Mon, 06 Jan 2025 17:39:46 GMT"
Hundreds join huge scrum for medieval game,"Mon, 06 Jan 2025 20:56:48 GMT"
Trump asks court to postpone sentencing ahead of inauguration,"Mon, 06 Jan 2025 21:26:29 GMT"
BBC News app,"Tue, 20 Aug 2024 11:35:33 GMT"
Starmer Hits Back at Musk,"Mon, 06 Jan 2025 19:36:00 GMT"
Is Elon a Musk-Have for Nigel Farage?,"Sun, 05 Jan 2025 13:38:00 GMT"
How Anfield's Alexander-Arnold toxicity came to a head,"Mon, 06 Jan 2025 15:13:06 GMT"
West Ham weighing up whether to sack Lopetegui,"Mon, 06 Jan 2025 18:55:12 GMT"
Why this week's 'Team Cup' is important for Europe's Ryder Cup hopes,"Mon, 06 Jan 2025 12:40:51 GMT"
'Peace within pain' - Jones on playing through grief,"Mon, 06 Jan 2025 16:20:03 GMT"
'A night to remember!' - Detroit Lions' Gibbs scores FOUR touchdowns,"Mon, 06 Jan 2025 15:36:11 GMT"
